Data,ISPB,Nome,NaturezaUsuario,TipoChave,qtdChaves
2024-12-31,31804966,SICOOB COOPERMAIS,PJ,CNPJ,11412
2024-12-31,31804966,SICOOB COOPERMAIS,PF,Aleatória,14818
2024-12-31,31804966,SICOOB COOPERMAIS,PF,e-mail,7688
2024-12-31,31804966,SICOOB COOPERMAIS,PF,Celular,15542
2024-12-31,25387655,"CC CREDIVALE LTDA, - SICOOB CREDIVALE",PJ,CNPJ,3901
2024-12-31,25387655,"CC CREDIVALE LTDA, - SICOOB CREDIVALE",PJ,Aleatória,838
2024-12-31,25387655,"CC CREDIVALE LTDA, - SICOOB CREDIVALE",PJ,e-mail,590
2024-12-31,25387655,"CC CREDIVALE LTDA, - SICOOB CREDIVALE",PF,Celular,4831
2024-12-31,25387655,"CC CREDIVALE LTDA, - SICOOB CREDIVALE",PJ,Celular,1175
2024-12-31,25387655,"CC CREDIVALE LTDA, - SICOOB CREDIVALE",PF,CPF,4294
2024-12-31,25387655,"CC CREDIVALE LTDA, - SICOOB CREDIVALE",PF,Aleatória,3758
2024-12-31,25387655,"CC CREDIVALE LTDA, - SICOOB CREDIVALE",PF,e-mail,2371
2024-12-31,31804966,SICOOB COOPERMAIS,PJ,Aleatória,4126
2024-12-31,31804966,SICOOB COOPERMAIS,PJ,Celular,2416
2024-12-31,31804966,SICOOB COOPERMAIS,PF,CPF,18977
2024-12-31,31804966,SICOOB COOPERMAIS,PJ,e-mail,2498
2024-12-31,38460917,MACREBANK,PJ,Celular,9
2024-12-31,38460917,MACREBANK,PJ,CNPJ,14
2024-12-31,38460917,MACREBANK,PF,Aleatória,2366
2024-12-31,38460917,MACREBANK,PJ,e-mail,9
2024-12-31,20520298,ADIQ,PF,Celular,1
2024-12-31,20520298,ADIQ,PF,Aleatória,244
2024-12-31,20520298,ADIQ,PF,e-mail,14
2024-12-31,20520298,ADIQ,PJ,Aleatória,1177
2024-12-31,38460917,MACREBANK,PJ,Aleatória,91
2024-12-31,38460917,MACREBANK,PF,Celular,258
2024-12-31,38460917,MACREBANK,PF,CPF,167
2024-12-31,38460917,MACREBANK,PF,e-mail,267
2024-12-31,38320462,"V3 IP S,A,",PF,CPF,249
2024-12-31,38320462,"V3 IP S,A,",PJ,e-mail,1
2024-12-31,38320462,"V3 IP S,A,",PF,e-mail,329
2024-12-31,38320462,"V3 IP S,A,",PJ,CNPJ,2
2024-12-31,6078926,COOP SICREDI CREDENOREG,PF,Celular,647
2024-12-31,6078926,COOP SICREDI CREDENOREG,PF,e-mail,500
2024-12-31,6078926,COOP SICREDI CREDENOREG,PJ,e-mail,52
2024-12-31,6078926,COOP SICREDI CREDENOREG,PJ,CNPJ,246
2024-12-31,6078926,COOP SICREDI CREDENOREG,PJ,Celular,23
2024-12-31,6078926,COOP SICREDI CREDENOREG,PF,CPF,949
2024-12-31,6078926,COOP SICREDI CREDENOREG,PF,Aleatória,799
2024-12-31,1073966,CCR DE ABELARDO LUZ,PF,e-mail,696
2024-12-31,1073966,CCR DE ABELARDO LUZ,PJ,e-mail,244
2024-12-31,1073966,CCR DE ABELARDO LUZ,PF,Aleatória,954
2024-12-31,1073966,CCR DE ABELARDO LUZ,PF,CPF,1271
2024-12-31,1073966,CCR DE ABELARDO LUZ,PJ,Celular,268
2024-12-31,1073966,CCR DE ABELARDO LUZ,PJ,Aleatória,250
2024-12-31,1073966,CCR DE ABELARDO LUZ,PJ,CNPJ,539
2024-12-31,1073966,CCR DE ABELARDO LUZ,PF,Celular,1491
2024-12-31,6078926,COOP SICREDI CREDENOREG,PJ,Aleatória,251
2024-12-31,38320462,"V3 IP S,A,",PF,Celular,402
2024-12-31,38320462,"V3 IP S,A,",PJ,Celular,1
2024-12-31,38320462,"V3 IP S,A,",PF,Aleatória,2009
2024-12-31,38320462,"V3 IP S,A,",PJ,Aleatória,90
2024-12-31,1709266,CCM PROF SAUDE E LIVRE ADMISSĂO TEOFILO OTONI LTDA,PF,e-mail,167
2024-12-31,1709266,CCM PROF SAUDE E LIVRE ADMISSĂO TEOFILO OTONI LTDA,PJ,e-mail,61
2024-12-31,1709266,CCM PROF SAUDE E LIVRE ADMISSĂO TEOFILO OTONI LTDA,PF,Celular,253
2024-12-31,1709266,CCM PROF SAUDE E LIVRE ADMISSĂO TEOFILO OTONI LTDA,PF,CPF,215
2024-12-31,18236120,NU PAGAMENTOS - IP,PF,e-mail,31080325
2024-12-31,18236120,NU PAGAMENTOS - IP,PJ,Celular,514451
2024-12-31,18236120,NU PAGAMENTOS - IP,PF,Aleatória,60152759
2024-12-31,18236120,NU PAGAMENTOS - IP,PJ,e-mail,692577
2024-12-31,18236120,NU PAGAMENTOS - IP,PJ,Aleatória,3851106
2024-12-31,18236120,NU PAGAMENTOS - IP,PF,CPF,28269274
2024-12-31,18236120,NU PAGAMENTOS - IP,PF,Celular,36261972
2024-12-31,18236120,NU PAGAMENTOS - IP,PJ,CNPJ,2458700
2024-12-31,1709266,CCM PROF SAUDE E LIVRE ADMISSĂO TEOFILO OTONI LTDA,PJ,CNPJ,229
2024-12-31,1709266,CCM PROF SAUDE E LIVRE ADMISSĂO TEOFILO OTONI LTDA,PF,Aleatória,209
2024-12-31,1709266,CCM PROF SAUDE E LIVRE ADMISSĂO TEOFILO OTONI LTDA,PJ,Celular,75
2024-12-31,1709266,CCM PROF SAUDE E LIVRE ADMISSĂO TEOFILO OTONI LTDA,PJ,Aleatória,117
2024-12-31,33264668,"BCO XP S,A,",PF,e-mail,568563
2024-12-31,33264668,"BCO XP S,A,",PF,Aleatória,1496754
2024-12-31,33264668,"BCO XP S,A,",PJ,CNPJ,1263
2024-12-31,33264668,"BCO XP S,A,",PF,CPF,171416
2024-12-31,7097064,COOP SICOOB CONFIANÇA,PF,CPF,3335
2024-12-31,7097064,COOP SICOOB CONFIANÇA,PJ,e-mail,506
2024-12-31,7097064,COOP SICOOB CONFIANÇA,PF,Celular,3043
2024-12-31,7097064,COOP SICOOB CONFIANÇA,PJ,Aleatória,697
2024-12-31,7097064,COOP SICOOB CONFIANÇA,PJ,CNPJ,1594
2024-12-31,7097064,COOP SICOOB CONFIANÇA,PF,e-mail,1603
2024-12-31,7097064,COOP SICOOB CONFIANÇA,PJ,Celular,694
2024-12-31,7097064,COOP SICOOB CONFIANÇA,PF,Aleatória,2605
2024-12-31,33264668,"BCO XP S,A,",PJ,Aleatória,1394
2024-12-31,33264668,"BCO XP S,A,",PJ,e-mail,1311
2024-12-31,33264668,"BCO XP S,A,",PJ,Celular,304
2024-12-31,33264668,"BCO XP S,A,",PF,Celular,331405
2024-12-31,70431630,COOP SICREDI UNIVALES MT/RO,PJ,e-mail,1327
2024-12-31,70431630,COOP SICREDI UNIVALES MT/RO,PF,Celular,36083
2024-12-31,70431630,COOP SICREDI UNIVALES MT/RO,PJ,Aleatória,5617
2024-12-31,70431630,COOP SICREDI UNIVALES MT/RO,PF,e-mail,15465
2024-12-31,556603,"BANCO BARI S,A,",PF,CPF,1814
2024-12-31,556603,"BANCO BARI S,A,",PF,Aleatória,31405
2024-12-31,556603,"BANCO BARI S,A,",PF,e-mail,9297
2024-12-31,556603,"BANCO BARI S,A,",PF,Celular,6129
2024-12-31,70431630,COOP SICREDI UNIVALES MT/RO,PJ,Celular,1947
2024-12-31,70431630,COOP SICREDI UNIVALES MT/RO,PJ,CNPJ,8216
2024-12-31,70431630,COOP SICREDI UNIVALES MT/RO,PF,CPF,53590
2024-12-31,70431630,COOP SICREDI UNIVALES MT/RO,PF,Aleatória,31187
2024-12-31,33479023,"BCO CITIBANK S,A,",PJ,CNPJ,123
2024-12-31,1667352,"CCLA SICOOB CREDMISSĂO LTDA,",PF,Aleatória,3331
2024-12-31,1667352,"CCLA SICOOB CREDMISSĂO LTDA,",PJ,e-mail,260
2024-12-31,1667352,"CCLA SICOOB CREDMISSĂO LTDA,",PJ,CNPJ,1618
2024-12-31,1667352,"CCLA SICOOB CREDMISSĂO LTDA,",PF,Celular,3321
2024-12-31,1667352,"CCLA SICOOB CREDMISSĂO LTDA,",PJ,Celular,395
2024-12-31,1667352,"CCLA SICOOB CREDMISSĂO LTDA,",PF,CPF,3258
2024-12-31,1667352,"CCLA SICOOB CREDMISSĂO LTDA,",PJ,Aleatória,523
2024-12-31,1667352,"CCLA SICOOB CREDMISSĂO LTDA,",PF,e-mail,1625
2024-12-31,33479023,"BCO CITIBANK S,A,",PJ,Aleatória,192
2024-12-31,92934215,"BANRISUL S,A, IP",PJ,Aleatória,58545
2024-12-31,30507541,"BRASIL CASH IP S,A,",PF,Aleatória,4
2024-12-31,30507541,"BRASIL CASH IP S,A,",PJ,e-mail,3
2024-12-31,71009237,CCLA GUAPÉ - SICOOB CREDIGUAPÉ,PJ,Celular,1
2024-12-31,6332931,COOP SICREDI CERRADO GO,PJ,Aleatória,5261
2024-12-31,6332931,COOP SICREDI CERRADO GO,PJ,e-mail,1625
2024-12-31,6332931,COOP SICREDI CERRADO GO,PF,CPF,11777
2024-12-31,6332931,COOP SICREDI CERRADO GO,PF,Celular,11029
2024-12-31,6332931,COOP SICREDI CERRADO GO,PJ,CNPJ,6306
2024-12-31,6332931,COOP SICREDI CERRADO GO,PF,e-mail,6463
2024-12-31,6332931,COOP SICREDI CERRADO GO,PF,Aleatória,15588
2024-12-31,45331622,"BNK DIGITAL SCD S,A,",PF,Aleatória,31
2024-12-31,45331622,"BNK DIGITAL SCD S,A,",PJ,Celular,9
2024-12-31,45331622,"BNK DIGITAL SCD S,A,",PF,CPF,9
2024-12-31,45331622,"BNK DIGITAL SCD S,A,",PF,e-mail,45
2024-12-31,45331622,"BNK DIGITAL SCD S,A,",PJ,Aleatória,51
2024-12-31,45331622,"BNK DIGITAL SCD S,A,",PJ,CNPJ,17
2024-12-31,45331622,"BNK DIGITAL SCD S,A,",PJ,e-mail,65
2024-12-31,4565791,COOP CRESOL ARATIBA,PF,e-mail,419
2024-12-31,4565791,COOP CRESOL ARATIBA,PJ,Celular,120
2024-12-31,4565791,COOP CRESOL ARATIBA,PJ,e-mail,69
2024-12-31,4565791,COOP CRESOL ARATIBA,PF,CPF,1585
2024-12-31,4565791,COOP CRESOL ARATIBA,PF,Celular,1057
2024-12-31,4565791,COOP CRESOL ARATIBA,PF,Aleatória,346
2024-12-31,4565791,COOP CRESOL ARATIBA,PJ,Aleatória,64
2024-12-31,4565791,COOP CRESOL ARATIBA,PJ,CNPJ,297
2024-12-31,17184037,"BCO MERCANTIL DO BRASIL S,A,",PF,Celular,306641
2024-12-31,17184037,"BCO MERCANTIL DO BRASIL S,A,",PF,Aleatória,384480
2024-12-31,17184037,"BCO MERCANTIL DO BRASIL S,A,",PF,CPF,431746
2024-12-31,17184037,"BCO MERCANTIL DO BRASIL S,A,",PJ,Celular,276
2024-12-31,17184037,"BCO MERCANTIL DO BRASIL S,A,",PF,e-mail,152038
2024-12-31,17184037,"BCO MERCANTIL DO BRASIL S,A,",PJ,e-mail,315
2024-12-31,17184037,"BCO MERCANTIL DO BRASIL S,A,",PJ,CNPJ,932
2024-12-31,17184037,"BCO MERCANTIL DO BRASIL S,A,",PJ,Aleatória,271
2024-12-31,45331622,"BNK DIGITAL SCD S,A,",PF,Celular,18
2024-12-31,6332931,COOP SICREDI CERRADO GO,PJ,Celular,1475
2024-12-31,30507541,"BRASIL CASH IP S,A,",PJ,Aleatória,4
2024-12-31,30507541,"BRASIL CASH IP S,A,",PJ,CNPJ,3
2024-12-31,30507541,"BRASIL CASH IP S,A,",PF,e-mail,1
2024-12-31,47074323,SICOOB CREDICONSUMO CC,PF,CPF,4464
2024-12-31,47074323,SICOOB CREDICONSUMO CC,PJ,CNPJ,58
2024-12-31,47074323,SICOOB CREDICONSUMO CC,PF,Aleatória,6667
2024-12-31,47074323,SICOOB CREDICONSUMO CC,PJ,e-mail,35
2024-12-31,52586293,"Z-ON SCD S,A,",PF,Celular,37
2024-12-31,52586293,"Z-ON SCD S,A,",PF,Aleatória,392
2024-12-31,52586293,"Z-ON SCD S,A,",PF,CPF,7
2024-12-31,52586293,"Z-ON SCD S,A,",PF,e-mail,51
2024-12-31,4013172,CC SICOOB 3 COLINAS,PF,CPF,2256
2024-12-31,4013172,CC SICOOB 3 COLINAS,PF,Celular,2013
2024-12-31,4013172,CC SICOOB 3 COLINAS,PJ,e-mail,621
2024-12-31,4013172,CC SICOOB 3 COLINAS,PF,e-mail,1022
2024-12-31,4013172,CC SICOOB 3 COLINAS,PJ,Aleatória,757
2024-12-31,4013172,CC SICOOB 3 COLINAS,PJ,Celular,814
2024-12-31,4013172,CC SICOOB 3 COLINAS,PJ,CNPJ,2588
2024-12-31,5410056,COOP CRESOL LITORAL,PF,e-mail,771
2024-12-31,5410056,COOP CRESOL LITORAL,PJ,CNPJ,582
2024-12-31,5410056,COOP CRESOL LITORAL,PF,CPF,1767
2024-12-31,5410056,COOP CRESOL LITORAL,PJ,Celular,217
2024-12-31,5410056,COOP CRESOL LITORAL,PF,Celular,1471
2024-12-31,5410056,COOP CRESOL LITORAL,PJ,e-mail,154
2024-12-31,5410056,COOP CRESOL LITORAL,PF,Aleatória,1030
2024-12-31,5410056,COOP CRESOL LITORAL,PJ,Aleatória,206
2024-12-31,1205736,"COOP DE CRÉDITO SICOOB COSTA DO DESCOBRIMENTO LTDA,",PJ,Celular,626
2024-12-31,1205736,"COOP DE CRÉDITO SICOOB COSTA DO DESCOBRIMENTO LTDA,",PF,Celular,1837
2024-12-31,1205736,"COOP DE CRÉDITO SICOOB COSTA DO DESCOBRIMENTO LTDA,",PJ,CNPJ,1939
2024-12-31,1205736,"COOP DE CRÉDITO SICOOB COSTA DO DESCOBRIMENTO LTDA,",PJ,e-mail,431
2024-12-31,1205736,"COOP DE CRÉDITO SICOOB COSTA DO DESCOBRIMENTO LTDA,",PF,e-mail,1048
2024-12-31,1205736,"COOP DE CRÉDITO SICOOB COSTA DO DESCOBRIMENTO LTDA,",PJ,Aleatória,735
2024-12-31,1205736,"COOP DE CRÉDITO SICOOB COSTA DO DESCOBRIMENTO LTDA,",PF,Aleatória,2096
2024-12-31,39664698,"CREDSYSTEM SCD S,A,",PF,CPF,3972
2024-12-31,39664698,"CREDSYSTEM SCD S,A,",PF,e-mail,14709
2024-12-31,39664698,"CREDSYSTEM SCD S,A,",PF,Aleatória,138462
2024-12-31,39664698,"CREDSYSTEM SCD S,A,",PF,Celular,10260
2024-12-31,72257793,SICREDI CEARÁ,PF,CPF,6640
2024-12-31,72257793,SICREDI CEARÁ,PJ,Aleatória,3562
2024-12-31,72257793,SICREDI CEARÁ,PF,Celular,7029
2024-12-31,72257793,SICREDI CEARÁ,PJ,CNPJ,4860
2024-12-31,72257793,SICREDI CEARÁ,PJ,e-mail,1136
2024-12-31,72257793,SICREDI CEARÁ,PF,e-mail,5736
2024-12-31,72257793,SICREDI CEARÁ,PF,Aleatória,11668
2024-12-31,72257793,SICREDI CEARÁ,PJ,Celular,1114
2024-12-31,1205736,"COOP DE CRÉDITO SICOOB COSTA DO DESCOBRIMENTO LTDA,",PF,CPF,1638
2024-12-31,4013172,CC SICOOB 3 COLINAS,PF,Aleatória,1303
2024-12-31,47074323,SICOOB CREDICONSUMO CC,PJ,Aleatória,51
2024-12-31,47074323,SICOOB CREDICONSUMO CC,PF,Celular,3770
2024-12-31,47074323,SICOOB CREDICONSUMO CC,PJ,Celular,19
2024-12-31,47074323,SICOOB CREDICONSUMO CC,PF,e-mail,2659
2024-12-31,39331592,GRECALE SOLUCOES EM MEIOS DE P,PJ,e-mail,21
2024-12-31,39331592,GRECALE SOLUCOES EM MEIOS DE P,PJ,Celular,7
2024-12-31,39331592,GRECALE SOLUCOES EM MEIOS DE P,PJ,CNPJ,17
2024-12-31,39331592,GRECALE SOLUCOES EM MEIOS DE P,PJ,Aleatória,23
2024-12-31,58022195,CECM EMPR EMP ZILLO LORENZETTI,PJ,CNPJ,1
2024-12-31,58022195,CECM EMPR EMP ZILLO LORENZETTI,PF,CPF,280
2024-12-31,58022195,CECM EMPR EMP ZILLO LORENZETTI,PF,Celular,318
2024-12-31,58022195,CECM EMPR EMP ZILLO LORENZETTI,PF,Aleatória,304
2024-12-31,58022195,CECM EMPR EMP ZILLO LORENZETTI,PJ,e-mail,1
2024-12-31,58022195,CECM EMPR EMP ZILLO LORENZETTI,PF,e-mail,200
2024-12-31,71154876,CCLA NOROESTE DE MG CREDIPINHO,PJ,CNPJ,1578
2024-12-31,71154876,CCLA NOROESTE DE MG CREDIPINHO,PJ,e-mail,188
2024-12-31,71154876,CCLA NOROESTE DE MG CREDIPINHO,PF,Aleatória,2251
2024-12-31,71154876,CCLA NOROESTE DE MG CREDIPINHO,PJ,Aleatória,343
2024-12-31,71154876,CCLA NOROESTE DE MG CREDIPINHO,PF,Celular,3956
2024-12-31,71154876,CCLA NOROESTE DE MG CREDIPINHO,PF,CPF,3700
2024-12-31,71154876,CCLA NOROESTE DE MG CREDIPINHO,PJ,Celular,439
2024-12-31,54401286,CC COCRE,PJ,Aleatória,1139
2024-12-31,54401286,CC COCRE,PF,CPF,5089
2024-12-31,54401286,CC COCRE,PF,e-mail,2254
2024-12-31,54401286,CC COCRE,PJ,e-mail,1041
2024-12-31,54401286,CC COCRE,PJ,CNPJ,2847
2024-12-31,54401286,CC COCRE,PJ,Celular,969
2024-12-31,54401286,CC COCRE,PF,Celular,3836
2024-12-31,54401286,CC COCRE,PF,Aleatória,3038
2024-12-31,71154876,CCLA NOROESTE DE MG CREDIPINHO,PF,e-mail,1439
2024-12-31,39331592,GRECALE SOLUCOES EM MEIOS DE P,PF,e-mail,24
2024-12-31,39331592,GRECALE SOLUCOES EM MEIOS DE P,PF,CPF,8
2024-12-31,39331592,GRECALE SOLUCOES EM MEIOS DE P,PF,Aleatória,32
2024-12-31,39331592,GRECALE SOLUCOES EM MEIOS DE P,PF,Celular,7
2024-12-31,4715685,CCM DESP TRÂNS SC E RS,PF,Aleatória,55
2024-12-31,4715685,CCM DESP TRÂNS SC E RS,PJ,e-mail,318
2024-12-31,4715685,CCM DESP TRÂNS SC E RS,PF,Celular,140
2024-12-31,4715685,CCM DESP TRÂNS SC E RS,PF,CPF,166
2024-12-31,40475846,J17 - SCD S/A,PJ,CNPJ,12
2024-12-31,40475846,J17 - SCD S/A,PJ,Aleatória,6
2024-12-31,40475846,J17 - SCD S/A,PJ,e-mail,1
2024-12-31,66402207,"CCLA DE SĂO ROQUE DE MINAS LTDA,",PF,Aleatória,4312
2024-12-31,66402207,"CCLA DE SĂO ROQUE DE MINAS LTDA,",PJ,Aleatória,926
2024-12-31,66402207,"CCLA DE SĂO ROQUE DE MINAS LTDA,",PJ,e-mail,719
2024-12-31,66402207,"CCLA DE SĂO ROQUE DE MINAS LTDA,",PJ,Celular,1159
2024-12-31,66402207,"CCLA DE SĂO ROQUE DE MINAS LTDA,",PF,e-mail,3330
2024-12-31,66402207,"CCLA DE SĂO ROQUE DE MINAS LTDA,",PJ,CNPJ,3821
2024-12-31,66402207,"CCLA DE SĂO ROQUE DE MINAS LTDA,",PF,CPF,12356
2024-12-31,66402207,"CCLA DE SĂO ROQUE DE MINAS LTDA,",PF,Celular,10045
2024-12-31,4715685,CCM DESP TRÂNS SC E RS,PJ,CNPJ,567
2024-12-31,4715685,CCM DESP TRÂNS SC E RS,PF,e-mail,142
2024-12-31,4715685,CCM DESP TRÂNS SC E RS,PJ,Celular,303
2024-12-31,4715685,CCM DESP TRÂNS SC E RS,PJ,Aleatória,98
2024-12-31,35624319,MK DIGITAL,PF,Celular,45
2024-12-31,35624319,MK DIGITAL,PF,CPF,14
2024-12-31,35624319,MK DIGITAL,PJ,CNPJ,7
2024-12-31,35624319,MK DIGITAL,PJ,Celular,3
2024-12-31,21995256,"MAG IP LTDA,",PF,e-mail,155
2024-12-31,21995256,"MAG IP LTDA,",PF,CPF,53
2024-12-31,21995256,"MAG IP LTDA,",PJ,e-mail,29
2024-12-31,21995256,"MAG IP LTDA,",PJ,CNPJ,26
2024-12-31,21995256,"MAG IP LTDA,",PF,Aleatória,235
2024-12-31,21995256,"MAG IP LTDA,",PJ,Aleatória,41
2024-12-31,21995256,"MAG IP LTDA,",PJ,Celular,12
2024-12-31,17361536,"CC REG, COLAR METROPOLITANO VALE DO AÇO LTDA",PF,e-mail,2382
2024-12-31,17361536,"CC REG, COLAR METROPOLITANO VALE DO AÇO LTDA",PF,Celular,4469
2024-12-31,17361536,"CC REG, COLAR METROPOLITANO VALE DO AÇO LTDA",PJ,e-mail,620
2024-12-31,17361536,"CC REG, COLAR METROPOLITANO VALE DO AÇO LTDA",PJ,Celular,560
2024-12-31,17361536,"CC REG, COLAR METROPOLITANO VALE DO AÇO LTDA",PF,CPF,5480
2024-12-31,17361536,"CC REG, COLAR METROPOLITANO VALE DO AÇO LTDA",PJ,Aleatória,1222
2024-12-31,17361536,"CC REG, COLAR METROPOLITANO VALE DO AÇO LTDA",PJ,CNPJ,2003
2024-12-31,17361536,"CC REG, COLAR METROPOLITANO VALE DO AÇO LTDA",PF,Aleatória,3854
2024-12-31,13207930,SLED,PJ,Aleatória,8145
2024-12-31,21995256,"MAG IP LTDA,",PF,Celular,74
2024-12-31,35624319,MK DIGITAL,PF,Aleatória,1010
2024-12-31,35624319,MK DIGITAL,PF,e-mail,107
2024-12-31,35624319,MK DIGITAL,PJ,Aleatória,104
2024-12-31,35624319,MK DIGITAL,PJ,e-mail,7
2024-12-31,39343350,CC LAR CREDI,PJ,CNPJ,9
2024-12-31,39343350,CC LAR CREDI,PF,Aleatória,966
2024-12-31,39343350,CC LAR CREDI,PJ,Celular,4
2024-12-31,39343350,CC LAR CREDI,PJ,Aleatória,6
2024-12-31,39343350,CC LAR CREDI,PF,CPF,335
2024-12-31,68512748,"CC CREDIESMERALDAS LTDA,",PJ,Aleatória,865
2024-12-31,68512748,"CC CREDIESMERALDAS LTDA,",PJ,CNPJ,2019
2024-12-31,68512748,"CC CREDIESMERALDAS LTDA,",PF,CPF,1502
2024-12-31,68512748,"CC CREDIESMERALDAS LTDA,",PF,Aleatória,2014
2024-12-31,68512748,"CC CREDIESMERALDAS LTDA,",PJ,e-mail,493
2024-12-31,68512748,"CC CREDIESMERALDAS LTDA,",PJ,Celular,662
2024-12-31,68512748,"CC CREDIESMERALDAS LTDA,",PF,Celular,1671
2024-12-31,68512748,"CC CREDIESMERALDAS LTDA,",PF,e-mail,1013
2024-12-31,39343350,CC LAR CREDI,PF,e-mail,556
2024-12-31,39343350,CC LAR CREDI,PF,Celular,882
2024-12-31,39343350,CC LAR CREDI,PJ,e-mail,7
2024-12-31,44815065,"PAY2ALL IP LTDA,",PJ,Aleatória,3
2024-12-31,14388334,"PARANA BCO S,A,",PJ,e-mail,6
2024-12-31,14388334,"PARANA BCO S,A,",PF,CPF,113
2024-12-31,14388334,"PARANA BCO S,A,",PJ,Aleatória,1
2024-12-31,14388334,"PARANA BCO S,A,",PJ,CNPJ,1
2024-12-31,87779625,COOPERATIVA DE CRÉDITO COOPERAÇĂO - SICREDI COOPERAÇĂO,PJ,CNPJ,3378
2024-12-31,87779625,COOPERATIVA DE CRÉDITO COOPERAÇĂO - SICREDI COOPERAÇĂO,PF,CPF,16150
2024-12-31,87779625,COOPERATIVA DE CRÉDITO COOPERAÇĂO - SICREDI COOPERAÇĂO,PF,Aleatória,7991
2024-12-31,87779625,COOPERATIVA DE CRÉDITO COOPERAÇĂO - SICREDI COOPERAÇĂO,PF,e-mail,4305
2024-12-31,87779625,COOPERATIVA DE CRÉDITO COOPERAÇĂO - SICREDI COOPERAÇĂO,PJ,Celular,673
2024-12-31,87779625,COOPERATIVA DE CRÉDITO COOPERAÇĂO - SICREDI COOPERAÇĂO,PJ,Aleatória,2369
2024-12-31,87779625,COOPERATIVA DE CRÉDITO COOPERAÇĂO - SICREDI COOPERAÇĂO,PF,Celular,10148
2024-12-31,87779625,COOPERATIVA DE CRÉDITO COOPERAÇĂO - SICREDI COOPERAÇĂO,PJ,e-mail,630
2024-12-31,14388334,"PARANA BCO S,A,",PF,Celular,154
2024-12-31,14388334,"PARANA BCO S,A,",PF,Aleatória,2167
2024-12-31,14388334,"PARANA BCO S,A,",PF,e-mail,376
2024-12-31,4355489,CC UNICRED COOMARCA,PF,Celular,856
2024-12-31,4355489,CC UNICRED COOMARCA,PF,e-mail,877
2024-12-31,4355489,CC UNICRED COOMARCA,PJ,CNPJ,28
2024-12-31,4355489,CC UNICRED COOMARCA,PF,Aleatória,884
2024-12-31,7564184,COOP ASCOOB SERTŐES,PF,Celular,3
2024-12-31,31818873,"QESH IP LTDA,",PJ,Aleatória,73
2024-12-31,31818873,"QESH IP LTDA,",PF,CPF,1328
2024-12-31,31818873,"QESH IP LTDA,",PJ,e-mail,1
2024-12-31,31818873,"QESH IP LTDA,",PF,Aleatória,6563
2024-12-31,4355489,CC UNICRED COOMARCA,PF,CPF,708
2024-12-31,4355489,CC UNICRED COOMARCA,PJ,Celular,5
2024-12-31,4355489,CC UNICRED COOMARCA,PJ,e-mail,10
2024-12-31,4355489,CC UNICRED COOMARCA,PJ,Aleatória,9
2024-12-31,4306351,INDEPENDĘNCIA CC,PJ,Aleatória,8
2024-12-31,4306351,INDEPENDĘNCIA CC,PF,Celular,10
2024-12-31,4306351,INDEPENDĘNCIA CC,PF,CPF,3
2024-12-31,4306351,INDEPENDĘNCIA CC,PF,Aleatória,77
2024-12-31,30723886,"BCO MODAL S,A,",PF,Celular,299
2024-12-31,30723886,"BCO MODAL S,A,",PF,e-mail,249
2024-12-31,4306351,INDEPENDĘNCIA CC,PJ,e-mail,8
2024-12-31,4306351,INDEPENDĘNCIA CC,PJ,CNPJ,18
2024-12-31,4306351,INDEPENDĘNCIA CC,PF,e-mail,13
2024-12-31,59588111,"BCO VOTORANTIM S,A,",PJ,Aleatória,264
2024-12-31,59588111,"BCO VOTORANTIM S,A,",PF,Aleatória,369
2024-12-31,59588111,"BCO VOTORANTIM S,A,",PF,CPF,58
2024-12-31,59588111,"BCO VOTORANTIM S,A,",PF,e-mail,129
2024-12-31,17948578,MAGALU PAGAMENTOS,PF,e-mail,17
2024-12-31,17948578,MAGALU PAGAMENTOS,PF,Celular,16
2024-12-31,1692448,CCLA DO PLANALTO SERRANO,PJ,e-mail,76
2024-12-31,1692448,CCLA DO PLANALTO SERRANO,PF,Celular,1521
2024-12-31,1692448,CCLA DO PLANALTO SERRANO,PJ,Aleatória,87
2024-12-31,1692448,CCLA DO PLANALTO SERRANO,PF,e-mail,544
2024-12-31,1692448,CCLA DO PLANALTO SERRANO,PF,Aleatória,725
2024-12-31,1692448,CCLA DO PLANALTO SERRANO,PJ,CNPJ,490
2024-12-31,1692448,CCLA DO PLANALTO SERRANO,PF,CPF,2139
2024-12-31,1692448,CCLA DO PLANALTO SERRANO,PJ,Celular,135
2024-12-31,59588111,"BCO VOTORANTIM S,A,",PJ,CNPJ,24
2024-12-31,59588111,"BCO VOTORANTIM S,A,",PJ,e-mail,72
2024-12-31,59588111,"BCO VOTORANTIM S,A,",PF,Celular,90
2024-12-31,59588111,"BCO VOTORANTIM S,A,",PJ,Celular,7
2024-12-31,19962468,COOP SICREDI COOABCRED RS,PJ,Aleatória,171
2024-12-31,19962468,COOP SICREDI COOABCRED RS,PJ,e-mail,74
2024-12-31,19962468,COOP SICREDI COOABCRED RS,PF,Celular,550
2024-12-31,19962468,COOP SICREDI COOABCRED RS,PF,Aleatória,831
2024-12-31,54403563,"BCO ARBI S,A,",PF,e-mail,47048
2024-12-31,54403563,"BCO ARBI S,A,",PF,Celular,21576
2024-12-31,54403563,"BCO ARBI S,A,",PF,Aleatória,141811
2024-12-31,54403563,"BCO ARBI S,A,",PJ,e-mail,272
2024-12-31,54403563,"BCO ARBI S,A,",PJ,CNPJ,73
2024-12-31,54403563,"BCO ARBI S,A,",PF,CPF,5933
2024-12-31,54403563,"BCO ARBI S,A,",PJ,Celular,25
2024-12-31,32906701,EXPAG SOLUÇŐES EM PAGAMENTOS,PF,Aleatória,1
2024-12-31,26408161,COOP SICREDI CENTRO-SUL MS/BA,PJ,Celular,3244
2024-12-31,26408161,COOP SICREDI CENTRO-SUL MS/BA,PF,Aleatória,41346
2024-12-31,26408161,COOP SICREDI CENTRO-SUL MS/BA,PF,Celular,55798
2024-12-31,26408161,COOP SICREDI CENTRO-SUL MS/BA,PJ,CNPJ,16809
2024-12-31,26408161,COOP SICREDI CENTRO-SUL MS/BA,PJ,e-mail,2121
2024-12-31,26408161,COOP SICREDI CENTRO-SUL MS/BA,PJ,Aleatória,8944
2024-12-31,26408161,COOP SICREDI CENTRO-SUL MS/BA,PF,CPF,69308
2024-12-31,26408161,COOP SICREDI CENTRO-SUL MS/BA,PF,e-mail,22204
2024-12-31,4079285,CCLA DE ITAJUBÁ - SICOOB SUDESTE MAIS,PJ,e-mail,342
2024-12-31,4079285,CCLA DE ITAJUBÁ - SICOOB SUDESTE MAIS,PF,Celular,1851
2024-12-31,4079285,CCLA DE ITAJUBÁ - SICOOB SUDESTE MAIS,PF,e-mail,1081
2024-12-31,4079285,CCLA DE ITAJUBÁ - SICOOB SUDESTE MAIS,PJ,Aleatória,683
2024-12-31,4079285,CCLA DE ITAJUBÁ - SICOOB SUDESTE MAIS,PJ,Celular,390
2024-12-31,4079285,CCLA DE ITAJUBÁ - SICOOB SUDESTE MAIS,PF,CPF,1888
2024-12-31,4079285,CCLA DE ITAJUBÁ - SICOOB SUDESTE MAIS,PF,Aleatória,1694
2024-12-31,21670187,CC CREDIBOM,PF,CPF,6732
2024-12-31,21670187,CC CREDIBOM,PJ,e-mail,374
2024-12-31,21670187,CC CREDIBOM,PF,Aleatória,2737
2024-12-31,21670187,CC CREDIBOM,PF,Celular,5371
2024-12-31,21670187,CC CREDIBOM,PJ,Aleatória,537
2024-12-31,21670187,CC CREDIBOM,PF,e-mail,1810
2024-12-31,21670187,CC CREDIBOM,PJ,Celular,544
2024-12-31,21670187,CC CREDIBOM,PJ,CNPJ,2283
2024-12-31,26072728,CC UNIĂO CENTRO OESTE LTDA,PJ,Celular,1
2024-12-31,4079285,CCLA DE ITAJUBÁ - SICOOB SUDESTE MAIS,PJ,CNPJ,1393
2024-12-31,54403563,"BCO ARBI S,A,",PJ,Aleatória,1304
2024-12-31,19962468,COOP SICREDI COOABCRED RS,PJ,Celular,28
2024-12-31,19962468,COOP SICREDI COOABCRED RS,PF,CPF,769
2024-12-31,19962468,COOP SICREDI COOABCRED RS,PJ,CNPJ,449
2024-12-31,19962468,COOP SICREDI COOABCRED RS,PF,e-mail,535
2024-12-31,694389,CCLA SICOOB CREDICARU SC/RS,PF,Celular,7285
2024-12-31,694389,CCLA SICOOB CREDICARU SC/RS,PF,CPF,9355
2024-12-31,694389,CCLA SICOOB CREDICARU SC/RS,PJ,e-mail,451
2024-12-31,694389,CCLA SICOOB CREDICARU SC/RS,PF,Aleatória,4783
2024-12-31,17343510,COOP CRESOL RAIZ,PJ,e-mail,1445
2024-12-31,17343510,COOP CRESOL RAIZ,PF,CPF,8366
2024-12-31,17343510,COOP CRESOL RAIZ,PF,Celular,7029
2024-12-31,17343510,COOP CRESOL RAIZ,PJ,CNPJ,2992
2024-12-31,17343510,COOP CRESOL RAIZ,PJ,Celular,1593
2024-12-31,17343510,COOP CRESOL RAIZ,PF,e-mail,3451
2024-12-31,17343510,COOP CRESOL RAIZ,PJ,Aleatória,1374
2024-12-31,17343510,COOP CRESOL RAIZ,PF,Aleatória,3385
2024-12-31,694389,CCLA SICOOB CREDICARU SC/RS,PJ,CNPJ,2234
2024-12-31,694389,CCLA SICOOB CREDICARU SC/RS,PJ,Aleatória,671
2024-12-31,694389,CCLA SICOOB CREDICARU SC/RS,PF,e-mail,3133
2024-12-31,694389,CCLA SICOOB CREDICARU SC/RS,PJ,Celular,601
2024-12-31,92894922,BANCO ORIGINAL,PJ,Celular,912
2024-12-31,92894922,BANCO ORIGINAL,PF,Aleatória,1063417
2024-12-31,92894922,BANCO ORIGINAL,PJ,e-mail,1169
2024-12-31,92894922,BANCO ORIGINAL,PF,e-mail,3380
2024-12-31,92894922,BANCO ORIGINAL,PF,Celular,5042
2024-12-31,92894922,BANCO ORIGINAL,PJ,Aleatória,31016
2024-12-31,92894922,BANCO ORIGINAL,PJ,CNPJ,637
2024-12-31,92894922,BANCO ORIGINAL,PF,CPF,5
2024-12-31,21332862,"CARTOS SCD S,A,",PF,CPF,281
2024-12-31,21332862,"CARTOS SCD S,A,",PJ,e-mail,308
2024-12-31,21332862,"CARTOS SCD S,A,",PJ,CNPJ,232
2024-12-31,21332862,"CARTOS SCD S,A,",PJ,Aleatória,4638
2024-12-31,4414354,CCM DO ABC - COOPER 7,PF,e-mail,718
2024-12-31,4414354,CCM DO ABC - COOPER 7,PJ,Celular,2
2024-12-31,4414354,CCM DO ABC - COOPER 7,PJ,e-mail,12
2024-12-31,4414354,CCM DO ABC - COOPER 7,PF,Celular,757
2024-12-31,4414354,CCM DO ABC - COOPER 7,PF,Aleatória,1449
2024-12-31,4414354,CCM DO ABC - COOPER 7,PJ,Aleatória,19
2024-12-31,4414354,CCM DO ABC - COOPER 7,PJ,CNPJ,23
2024-12-31,37205447,"E2 IP LTDA,",PJ,Celular,3
2024-12-31,37205447,"E2 IP LTDA,",PF,Aleatória,14
2024-12-31,37205447,"E2 IP LTDA,",PJ,e-mail,4
2024-12-31,37205447,"E2 IP LTDA,",PF,CPF,1
2024-12-31,37205447,"E2 IP LTDA,",PF,e-mail,4
2024-12-31,37205447,"E2 IP LTDA,",PJ,Aleatória,23
2024-12-31,37205447,"E2 IP LTDA,",PJ,CNPJ,3
2024-12-31,37511258,"INOVANTI IP S,A,",PJ,CNPJ,209
2024-12-31,37511258,"INOVANTI IP S,A,",PJ,Celular,79
2024-12-31,37511258,"INOVANTI IP S,A,",PF,CPF,499
2024-12-31,37511258,"INOVANTI IP S,A,",PF,Celular,179
2024-12-31,37511258,"INOVANTI IP S,A,",PF,Aleatória,637
2024-12-31,37511258,"INOVANTI IP S,A,",PJ,e-mail,235
2024-12-31,37511258,"INOVANTI IP S,A,",PF,e-mail,275
2024-12-31,37511258,"INOVANTI IP S,A,",PJ,Aleatória,584
2024-12-31,4414354,CCM DO ABC - COOPER 7,PF,CPF,482
2024-12-31,21332862,"CARTOS SCD S,A,",PF,Aleatória,28985
2024-12-31,21332862,"CARTOS SCD S,A,",PF,e-mail,1006
2024-12-31,21332862,"CARTOS SCD S,A,",PJ,Celular,70
2024-12-31,21332862,"CARTOS SCD S,A,",PF,Celular,313
2024-12-31,42047025,UNAVANTI SCD S/A,PF,CPF,2
2024-12-31,42047025,UNAVANTI SCD S/A,PF,Celular,2
2024-12-31,42047025,UNAVANTI SCD S/A,PJ,CNPJ,18
2024-12-31,42047025,UNAVANTI SCD S/A,PJ,e-mail,13
2024-12-31,42047025,UNAVANTI SCD S/A,PF,e-mail,2
2024-12-31,42047025,UNAVANTI SCD S/A,PF,Aleatória,7
2024-12-31,42047025,UNAVANTI SCD S/A,PJ,Celular,7
2024-12-31,42047025,UNAVANTI SCD S/A,PJ,Aleatória,29
2024-12-31,5545390,CC SICREDI COOMAMP,PJ,e-mail,15
2024-12-31,5545390,CC SICREDI COOMAMP,PF,CPF,338
2024-12-31,5545390,CC SICREDI COOMAMP,PJ,Celular,3
2024-12-31,5545390,CC SICREDI COOMAMP,PJ,Aleatória,25
2024-12-31,5545390,CC SICREDI COOMAMP,PF,e-mail,390
2024-12-31,1727929,"CC UNICRED EVOLUÇĂO LTDA,",PF,Celular,3385
2024-12-31,1727929,"CC UNICRED EVOLUÇĂO LTDA,",PF,CPF,3005
2024-12-31,1727929,"CC UNICRED EVOLUÇĂO LTDA,",PJ,Celular,898
2024-12-31,1727929,"CC UNICRED EVOLUÇĂO LTDA,",PJ,e-mail,1059
2024-12-31,1727929,"CC UNICRED EVOLUÇĂO LTDA,",PF,e-mail,2575
2024-12-31,1727929,"CC UNICRED EVOLUÇĂO LTDA,",PJ,Aleatória,1287
2024-12-31,1727929,"CC UNICRED EVOLUÇĂO LTDA,",PJ,CNPJ,2845
2024-12-31,54037916,CC CREDICITRUS,PF,e-mail,11016
2024-12-31,54037916,CC CREDICITRUS,PF,Aleatória,13381
2024-12-31,54037916,CC CREDICITRUS,PJ,Celular,3831
2024-12-31,54037916,CC CREDICITRUS,PJ,e-mail,3056
2024-12-31,54037916,CC CREDICITRUS,PF,Celular,22000
2024-12-31,54037916,CC CREDICITRUS,PF,CPF,35917
2024-12-31,54037916,CC CREDICITRUS,PJ,Aleatória,3142
2024-12-31,54037916,CC CREDICITRUS,PJ,CNPJ,12661
2024-12-31,32192325,"UZZIPAY IP S,A,",PJ,e-mail,73
2024-12-31,32192325,"UZZIPAY IP S,A,",PF,e-mail,676
2024-12-31,32192325,"UZZIPAY IP S,A,",PF,Celular,388
2024-12-31,32192325,"UZZIPAY IP S,A,",PJ,CNPJ,91
2024-12-31,32192325,"UZZIPAY IP S,A,",PJ,Aleatória,206
2024-12-31,32192325,"UZZIPAY IP S,A,",PJ,Celular,29
2024-12-31,32192325,"UZZIPAY IP S,A,",PF,Aleatória,1707
2024-12-31,30723871,BANQI,PF,e-mail,374673
2024-12-31,30723871,BANQI,PF,Celular,275046
2024-12-31,30723871,BANQI,PJ,Aleatória,2
2024-12-31,30723871,BANQI,PF,Aleatória,1779221
2024-12-31,30723871,BANQI,PF,CPF,118907
2024-12-31,32192325,"UZZIPAY IP S,A,",PF,CPF,217
2024-12-31,1727929,"CC UNICRED EVOLUÇĂO LTDA,",PF,Aleatória,2762
2024-12-31,5545390,CC SICREDI COOMAMP,PF,Aleatória,515
2024-12-31,5545390,CC SICREDI COOMAMP,PJ,CNPJ,22
2024-12-31,5545390,CC SICREDI COOMAMP,PF,Celular,380
2024-12-31,4146333,COOP SICREDI PERNAMBUCRED,PF,Celular,1
2024-12-31,2904138,COOP CRESOL ÁUREA,PF,Aleatória,151
2024-12-31,2904138,COOP CRESOL ÁUREA,PF,e-mail,130
2024-12-31,2904138,COOP CRESOL ÁUREA,PJ,e-mail,27
2024-12-31,2904138,COOP CRESOL ÁUREA,PF,CPF,586
2024-12-31,25528753,"C,C CREDIVERDE",PJ,Aleatória,743
2024-12-31,25528753,"C,C CREDIVERDE",PF,Celular,2906
2024-12-31,25528753,"C,C CREDIVERDE",PF,e-mail,1404
2024-12-31,25528753,"C,C CREDIVERDE",PJ,Celular,693
2024-12-31,25528753,"C,C CREDIVERDE",PF,Aleatória,2462
2024-12-31,25528753,"C,C CREDIVERDE",PJ,e-mail,486
2024-12-31,25528753,"C,C CREDIVERDE",PF,CPF,2790
2024-12-31,2025743,COOP CRESOL NORDESTE,PJ,Celular,15
2024-12-31,2025743,COOP CRESOL NORDESTE,PF,e-mail,10
2024-12-31,2025743,COOP CRESOL NORDESTE,PF,Celular,29
2024-12-31,2025743,COOP CRESOL NORDESTE,PJ,e-mail,9
2024-12-31,2217068,"CC CONTADORES, ADMINISTRADORES, ECONOMISTAS E CORRET SEGUROS",PJ,CNPJ,675
2024-12-31,2217068,"CC CONTADORES, ADMINISTRADORES, ECONOMISTAS E CORRET SEGUROS",PF,e-mail,253
2024-12-31,2217068,"CC CONTADORES, ADMINISTRADORES, ECONOMISTAS E CORRET SEGUROS",PJ,Aleatória,166
2024-12-31,2217068,"CC CONTADORES, ADMINISTRADORES, ECONOMISTAS E CORRET SEGUROS",PJ,e-mail,114
2024-12-31,2217068,"CC CONTADORES, ADMINISTRADORES, ECONOMISTAS E CORRET SEGUROS",PF,CPF,415
2024-12-31,2217068,"CC CONTADORES, ADMINISTRADORES, ECONOMISTAS E CORRET SEGUROS",PJ,Celular,63
2024-12-31,2217068,"CC CONTADORES, ADMINISTRADORES, ECONOMISTAS E CORRET SEGUROS",PF,Celular,283
2024-12-31,2217068,"CC CONTADORES, ADMINISTRADORES, ECONOMISTAS E CORRET SEGUROS",PF,Aleatória,321
2024-12-31,25528753,"C,C CREDIVERDE",PJ,CNPJ,2151
2024-12-31,2904138,COOP CRESOL ÁUREA,PF,Celular,354
2024-12-31,2904138,COOP CRESOL ÁUREA,PJ,Aleatória,30
2024-12-31,2904138,COOP CRESOL ÁUREA,PJ,CNPJ,98
2024-12-31,2904138,COOP CRESOL ÁUREA,PJ,Celular,38
2024-12-31,73443863,"COOP UNICRED VALE LTDA,",PJ,Celular,539
2024-12-31,73443863,"COOP UNICRED VALE LTDA,",PF,Aleatória,2493
2024-12-31,73443863,"COOP UNICRED VALE LTDA,",PF,CPF,3126
2024-12-31,73443863,"COOP UNICRED VALE LTDA,",PF,Celular,2817
2024-12-31,1699652,CCLA REGIĂO GUAXUPÉ,PJ,Celular,437
2024-12-31,1699652,CCLA REGIĂO GUAXUPÉ,PF,Aleatória,1290
2024-12-31,1699652,CCLA REGIĂO GUAXUPÉ,PJ,CNPJ,1384
2024-12-31,1699652,CCLA REGIĂO GUAXUPÉ,PF,CPF,2026
2024-12-31,1699652,CCLA REGIĂO GUAXUPÉ,PJ,e-mail,231
2024-12-31,1699652,CCLA REGIĂO GUAXUPÉ,PF,Celular,2227
2024-12-31,1699652,CCLA REGIĂO GUAXUPÉ,PF,e-mail,901
2024-12-31,4138455,CC DO RIO GRANDE DO NORTE - SICOOB RIO GRANDE DO NORTE,PF,e-mail,2
2024-12-31,4138455,CC DO RIO GRANDE DO NORTE - SICOOB RIO GRANDE DO NORTE,PF,Celular,11
2024-12-31,4138455,CC DO RIO GRANDE DO NORTE - SICOOB RIO GRANDE DO NORTE,PJ,Celular,19
2024-12-31,4138455,CC DO RIO GRANDE DO NORTE - SICOOB RIO GRANDE DO NORTE,PJ,e-mail,5
2024-12-31,42934794,CC CREDIPIMENTA,PJ,Celular,60
2024-12-31,42934794,CC CREDIPIMENTA,PF,CPF,367
2024-12-31,42934794,CC CREDIPIMENTA,PJ,CNPJ,117
2024-12-31,42934794,CC CREDIPIMENTA,PJ,e-mail,20
2024-12-31,42934794,CC CREDIPIMENTA,PF,Aleatória,176
2024-12-31,42934794,CC CREDIPIMENTA,PF,e-mail,105
2024-12-31,42934794,CC CREDIPIMENTA,PF,Celular,405
2024-12-31,42934794,CC CREDIPIMENTA,PJ,Aleatória,39
2024-12-31,16501555,"STONE IP S,A,",PJ,e-mail,159574
2024-12-31,16501555,"STONE IP S,A,",PF,e-mail,349936
2024-12-31,16501555,"STONE IP S,A,",PF,Celular,305431
2024-12-31,16501555,"STONE IP S,A,",PF,Aleatória,2932158
2024-12-31,16501555,"STONE IP S,A,",PJ,Celular,122922
2024-12-31,16501555,"STONE IP S,A,",PF,CPF,128537
2024-12-31,16501555,"STONE IP S,A,",PJ,Aleatória,1511425
2024-12-31,35858847,VIATECH,PF,CPF,2
2024-12-31,35858847,VIATECH,PF,e-mail,3
2024-12-31,35858847,VIATECH,PF,Aleatória,12
2024-12-31,35858847,VIATECH,PJ,Aleatória,35
2024-12-31,35858847,VIATECH,PJ,CNPJ,1
2024-12-31,3428338,SICREDI CREDUNI,PF,e-mail,1951
2024-12-31,3428338,SICREDI CREDUNI,PJ,CNPJ,888
2024-12-31,3428338,SICREDI CREDUNI,PF,Aleatória,3205
2024-12-31,3428338,SICREDI CREDUNI,PJ,Aleatória,744
2024-12-31,3428338,SICREDI CREDUNI,PJ,e-mail,136
2024-12-31,3428338,SICREDI CREDUNI,PF,Celular,2330
2024-12-31,3428338,SICREDI CREDUNI,PF,CPF,2240
2024-12-31,3428338,SICREDI CREDUNI,PJ,Celular,64
2024-12-31,5888589,COOP SUL,PJ,e-mail,2375
2024-12-31,5888589,COOP SUL,PF,e-mail,3211
2024-12-31,5888589,COOP SUL,PF,Aleatória,5846
2024-12-31,5888589,COOP SUL,PF,CPF,5030
2024-12-31,5888589,COOP SUL,PJ,Celular,2096
2024-12-31,5888589,COOP SUL,PF,Celular,4277
2024-12-31,5888589,COOP SUL,PJ,CNPJ,8252
2024-12-31,5888589,COOP SUL,PJ,Aleatória,3536
2024-12-31,16501555,"STONE IP S,A,",PJ,CNPJ,259440
2024-12-31,1699652,CCLA REGIĂO GUAXUPÉ,PJ,Aleatória,398
2024-12-31,73443863,"COOP UNICRED VALE LTDA,",PJ,CNPJ,1992
2024-12-31,73443863,"COOP UNICRED VALE LTDA,",PJ,Aleatória,1791
2024-12-31,73443863,"COOP UNICRED VALE LTDA,",PF,e-mail,2195
2024-12-31,73443863,"COOP UNICRED VALE LTDA,",PJ,e-mail,875
2024-12-31,17826860,"BMS SCD S,A,",PJ,CNPJ,8
2024-12-31,17826860,"BMS SCD S,A,",PF,e-mail,74
2024-12-31,17826860,"BMS SCD S,A,",PF,Celular,88
2024-12-31,17826860,"BMS SCD S,A,",PJ,e-mail,6
2024-12-31,3427097,CCLA DO SUL CATARINENSE,PF,CPF,5908
2024-12-31,3427097,CCLA DO SUL CATARINENSE,PF,Celular,5514
2024-12-31,3427097,CCLA DO SUL CATARINENSE,PF,Aleatória,6804
2024-12-31,3427097,CCLA DO SUL CATARINENSE,PJ,CNPJ,1912
2024-12-31,3427097,CCLA DO SUL CATARINENSE,PJ,Celular,773
2024-12-31,3427097,CCLA DO SUL CATARINENSE,PJ,Aleatória,891
2024-12-31,3427097,CCLA DO SUL CATARINENSE,PJ,e-mail,695
2024-12-31,65239402,CC UNIĂO DO CENTRO OESTE DE MINAS,PF,CPF,2677
2024-12-31,65239402,CC UNIĂO DO CENTRO OESTE DE MINAS,PJ,CNPJ,1332
2024-12-31,65239402,CC UNIĂO DO CENTRO OESTE DE MINAS,PF,e-mail,964
2024-12-31,65239402,CC UNIĂO DO CENTRO OESTE DE MINAS,PJ,Aleatória,389
2024-12-31,65239402,CC UNIĂO DO CENTRO OESTE DE MINAS,PF,Aleatória,1664
2024-12-31,65239402,CC UNIĂO DO CENTRO OESTE DE MINAS,PF,Celular,2825
2024-12-31,65239402,CC UNIĂO DO CENTRO OESTE DE MINAS,PJ,e-mail,234
2024-12-31,65239402,CC UNIĂO DO CENTRO OESTE DE MINAS,PJ,Celular,355
2024-12-31,3427097,CCLA DO SUL CATARINENSE,PF,e-mail,4006
2024-12-31,17826860,"BMS SCD S,A,",PJ,Celular,5
2024-12-31,17826860,"BMS SCD S,A,",PF,Aleatória,411
2024-12-31,17826860,"BMS SCD S,A,",PJ,Aleatória,34
2024-12-31,17826860,"BMS SCD S,A,",PF,CPF,36
2024-12-31,26191078,COOP SICREDI SUL DO MARANHĂO,PJ,Celular,66
2024-12-31,26191078,COOP SICREDI SUL DO MARANHĂO,PF,Aleatória,943
2024-12-31,26191078,COOP SICREDI SUL DO MARANHĂO,PJ,Aleatória,294
2024-12-31,26191078,COOP SICREDI SUL DO MARANHĂO,PJ,e-mail,120
2024-12-31,26191078,COOP SICREDI SUL DO MARANHĂO,PF,CPF,415
2024-12-31,26191078,COOP SICREDI SUL DO MARANHĂO,PF,e-mail,351
2024-12-31,26191078,COOP SICREDI SUL DO MARANHĂO,PJ,CNPJ,265
2024-12-31,26191078,COOP SICREDI SUL DO MARANHĂO,PF,Celular,424
2024-12-31,37079720,COOP SICOOB CREDIJUSTRA,PF,Celular,2031
2024-12-31,37079720,COOP SICOOB CREDIJUSTRA,PF,Aleatória,2997
2024-12-31,37079720,COOP SICOOB CREDIJUSTRA,PJ,e-mail,286
2024-12-31,37079720,COOP SICOOB CREDIJUSTRA,PF,e-mail,1892
2024-12-31,37079720,COOP SICOOB CREDIJUSTRA,PJ,CNPJ,1039
2024-12-31,37079720,COOP SICOOB CREDIJUSTRA,PF,CPF,2737
2024-12-31,37079720,COOP SICOOB CREDIJUSTRA,PJ,Aleatória,436
2024-12-31,37079720,COOP SICOOB CREDIJUSTRA,PJ,Celular,116
2024-12-31,87510475,COOP SICREDI ROTA DAS TERRAS RS/MG,PF,CPF,21007
2024-12-31,87510475,COOP SICREDI ROTA DAS TERRAS RS/MG,PF,Celular,15179
2024-12-31,87510475,COOP SICREDI ROTA DAS TERRAS RS/MG,PF,Aleatória,12369
2024-12-31,87510475,COOP SICREDI ROTA DAS TERRAS RS/MG,PJ,Aleatória,2986
2024-12-31,30153943,MONEY CLOUD,PF,e-mail,592
2024-12-31,30153943,MONEY CLOUD,PJ,e-mail,74
2024-12-31,30153943,MONEY CLOUD,PJ,CNPJ,81
2024-12-31,30153943,MONEY CLOUD,PJ,Celular,40
2024-12-31,30153943,MONEY CLOUD,PF,Celular,291
2024-12-31,30153943,MONEY CLOUD,PF,CPF,312
2024-12-31,30153943,MONEY CLOUD,PJ,Aleatória,255
2024-12-31,9463721,COOP CRESOL JACINTO MACHADO,PF,Aleatória,490
2024-12-31,9463721,COOP CRESOL JACINTO MACHADO,PJ,Celular,127
2024-12-31,9463721,COOP CRESOL JACINTO MACHADO,PJ,e-mail,108
2024-12-31,9463721,COOP CRESOL JACINTO MACHADO,PF,CPF,1042
2024-12-31,9463721,COOP CRESOL JACINTO MACHADO,PJ,CNPJ,399
2024-12-31,9463721,COOP CRESOL JACINTO MACHADO,PJ,Aleatória,129
2024-12-31,9463721,COOP CRESOL JACINTO MACHADO,PF,Celular,919
2024-12-31,9463721,COOP CRESOL JACINTO MACHADO,PF,e-mail,418
2024-12-31,30153943,MONEY CLOUD,PF,Aleatória,3850
2024-12-31,87510475,COOP SICREDI ROTA DAS TERRAS RS/MG,PJ,e-mail,806
2024-12-31,87510475,COOP SICREDI ROTA DAS TERRAS RS/MG,PF,e-mail,6378
2024-12-31,87510475,COOP SICREDI ROTA DAS TERRAS RS/MG,PJ,Celular,1058
2024-12-31,87510475,COOP SICREDI ROTA DAS TERRAS RS/MG,PJ,CNPJ,5475
2024-12-31,34335592,"ÓTIMO SCD S,A,",PJ,CNPJ,4
2024-12-31,34335592,"ÓTIMO SCD S,A,",PF,Celular,52
2024-12-31,34335592,"ÓTIMO SCD S,A,",PJ,e-mail,79
2024-12-31,34335592,"ÓTIMO SCD S,A,",PF,Aleatória,265
2024-12-31,12109247,"CREDZ S,A, IP",PF,Celular,331
2024-12-31,12109247,"CREDZ S,A, IP",PF,Aleatória,2
2024-12-31,12109247,"CREDZ S,A, IP",PF,e-mail,300
2024-12-31,34335592,"ÓTIMO SCD S,A,",PF,e-mail,100
2024-12-31,34335592,"ÓTIMO SCD S,A,",PJ,Celular,20
2024-12-31,34335592,"ÓTIMO SCD S,A,",PF,CPF,23
2024-12-31,34335592,"ÓTIMO SCD S,A,",PJ,Aleatória,137
2024-12-31,24313102,"99PAY IP S,A,",PF,Celular,780886
2024-12-31,24313102,"99PAY IP S,A,",PJ,Celular,2
2024-12-31,24313102,"99PAY IP S,A,",PJ,e-mail,1
2024-12-31,24313102,"99PAY IP S,A,",PJ,Aleatória,36
2024-12-31,28220872,VALEPAY,PF,CPF,1
2024-12-31,28220872,VALEPAY,PF,e-mail,1
2024-12-31,28220872,VALEPAY,PF,Aleatória,7
2024-12-31,28220872,VALEPAY,PJ,Aleatória,137
2024-12-31,28220872,VALEPAY,PJ,e-mail,10
2024-12-31,28220872,VALEPAY,PJ,CNPJ,5
2024-12-31,95213211,COOP SICREDI CAMINHO DAS ÁGUAS RS,PJ,e-mail,1476
2024-12-31,95213211,COOP SICREDI CAMINHO DAS ÁGUAS RS,PF,e-mail,10691
2024-12-31,95213211,COOP SICREDI CAMINHO DAS ÁGUAS RS,PF,CPF,29461
2024-12-31,95213211,COOP SICREDI CAMINHO DAS ÁGUAS RS,PF,Aleatória,20576
2024-12-31,95213211,COOP SICREDI CAMINHO DAS ÁGUAS RS,PF,Celular,25318
2024-12-31,95213211,COOP SICREDI CAMINHO DAS ÁGUAS RS,PJ,CNPJ,9920
2024-12-31,95213211,COOP SICREDI CAMINHO DAS ÁGUAS RS,PJ,Aleatória,5450
2024-12-31,79063574,COOP SICREDI NORTE SUL,PF,Celular,25573
2024-12-31,79063574,COOP SICREDI NORTE SUL,PF,Aleatória,20513
2024-12-31,79063574,COOP SICREDI NORTE SUL,PJ,Celular,1279
2024-12-31,79063574,COOP SICREDI NORTE SUL,PJ,CNPJ,6653
2024-12-31,79063574,COOP SICREDI NORTE SUL,PJ,e-mail,913
2024-12-31,79063574,COOP SICREDI NORTE SUL,PF,e-mail,10180
2024-12-31,79063574,COOP SICREDI NORTE SUL,PF,CPF,29480
2024-12-31,79063574,COOP SICREDI NORTE SUL,PJ,Aleatória,4173
2024-12-31,78825023,CCLAA OESTE CATARINENSE,PJ,CNPJ,2892
2024-12-31,78825023,CCLAA OESTE CATARINENSE,PF,e-mail,2128
2024-12-31,78825023,CCLAA OESTE CATARINENSE,PF,Celular,5525
2024-12-31,78825023,CCLAA OESTE CATARINENSE,PF,Aleatória,2725
2024-12-31,78825023,CCLAA OESTE CATARINENSE,PJ,Aleatória,765
2024-12-31,78825023,CCLAA OESTE CATARINENSE,PF,CPF,8270
2024-12-31,78825023,CCLAA OESTE CATARINENSE,PJ,e-mail,660
2024-12-31,78825023,CCLAA OESTE CATARINENSE,PJ,Celular,1027
2024-12-31,95213211,COOP SICREDI CAMINHO DAS ÁGUAS RS,PJ,Celular,2899
2024-12-31,24313102,"99PAY IP S,A,",PF,Aleatória,12473830
2024-12-31,24313102,"99PAY IP S,A,",PF,e-mail,764083
2024-12-31,24313102,"99PAY IP S,A,",PJ,CNPJ,3
2024-12-31,24313102,"99PAY IP S,A,",PF,CPF,345168
2024-12-31,47873449,"SER FINANCE SCD S,A,",PF,Aleatória,3
2024-12-31,41931221,SICOOB CREDICOOP,PF,Celular,2315
2024-12-31,41931221,SICOOB CREDICOOP,PJ,CNPJ,745
2024-12-31,41931221,SICOOB CREDICOOP,PJ,Celular,241
2024-12-31,41931221,SICOOB CREDICOOP,PF,e-mail,627
2024-12-31,41931221,SICOOB CREDICOOP,PF,CPF,2463
2024-12-31,41931221,SICOOB CREDICOOP,PJ,e-mail,121
2024-12-31,41931221,SICOOB CREDICOOP,PF,Aleatória,843
2024-12-31,41931221,SICOOB CREDICOOP,PJ,Aleatória,139
2024-12-31,47873449,"SER FINANCE SCD S,A,",PJ,CNPJ,1
2024-12-31,47873449,"SER FINANCE SCD S,A,",PJ,Aleatória,7
2024-12-31,35210410,"ONEKEY PAYMENTS IP S,A,",PJ,Aleatória,205
2024-12-31,1090027,CECMM CATEG AFINS-UNICRED MÚLTIPLO VALOR,PF,Celular,5
2024-12-31,1090027,CECMM CATEG AFINS-UNICRED MÚLTIPLO VALOR,PJ,e-mail,2
2024-12-31,1090027,CECMM CATEG AFINS-UNICRED MÚLTIPLO VALOR,PF,e-mail,1
2024-12-31,1090027,CECMM CATEG AFINS-UNICRED MÚLTIPLO VALOR,PJ,Celular,2
2024-12-31,35210410,"ONEKEY PAYMENTS IP S,A,",PF,Aleatória,10
2024-12-31,35210410,"ONEKEY PAYMENTS IP S,A,",PF,e-mail,8
2024-12-31,2072790,CECM SICOOB CREDSAÚDE,PF,CPF,298
2024-12-31,2072790,CECM SICOOB CREDSAÚDE,PJ,Celular,50
2024-12-31,2072790,CECM SICOOB CREDSAÚDE,PJ,Aleatória,66
2024-12-31,2072790,CECM SICOOB CREDSAÚDE,PF,Celular,199
2024-12-31,4261151,COOP CRESOL TRANSFORMAÇĂO,PJ,Celular,419
2024-12-31,4261151,COOP CRESOL TRANSFORMAÇĂO,PJ,Aleatória,356
2024-12-31,4261151,COOP CRESOL TRANSFORMAÇĂO,PJ,e-mail,365
2024-12-31,4261151,COOP CRESOL TRANSFORMAÇĂO,PF,e-mail,1444
2024-12-31,4261151,COOP CRESOL TRANSFORMAÇĂO,PF,Aleatória,1610
2024-12-31,4261151,COOP CRESOL TRANSFORMAÇĂO,PJ,CNPJ,966
2024-12-31,4261151,COOP CRESOL TRANSFORMAÇĂO,PF,CPF,3803
2024-12-31,4261151,COOP CRESOL TRANSFORMAÇĂO,PF,Celular,2809
2024-12-31,2072790,CECM SICOOB CREDSAÚDE,PF,Aleatória,178
2024-12-31,2072790,CECM SICOOB CREDSAÚDE,PJ,CNPJ,179
2024-12-31,2072790,CECM SICOOB CREDSAÚDE,PF,e-mail,154
2024-12-31,2072790,CECM SICOOB CREDSAÚDE,PJ,e-mail,56
2024-12-31,10143499,CCLA JATAÍ E REGIĂO,PJ,e-mail,231
2024-12-31,10143499,CCLA JATAÍ E REGIĂO,PF,Aleatória,919
2024-12-31,10143499,CCLA JATAÍ E REGIĂO,PJ,Aleatória,367
2024-12-31,10143499,CCLA JATAÍ E REGIĂO,PJ,CNPJ,1032
2024-12-31,6910457,CCLA SANTA CRUZ PALMEIRAS,PF,Celular,1534
2024-12-31,6910457,CCLA SANTA CRUZ PALMEIRAS,PJ,Celular,324
2024-12-31,6910457,CCLA SANTA CRUZ PALMEIRAS,PJ,CNPJ,953
2024-12-31,6910457,CCLA SANTA CRUZ PALMEIRAS,PF,CPF,1827
2024-12-31,6910457,CCLA SANTA CRUZ PALMEIRAS,PF,e-mail,802
2024-12-31,6910457,CCLA SANTA CRUZ PALMEIRAS,PJ,e-mail,226
2024-12-31,6910457,CCLA SANTA CRUZ PALMEIRAS,PF,Aleatória,1427
2024-12-31,8561701,"PAGSEGURO INTERNET IP S,A,",PJ,e-mail,368183
2024-12-31,8561701,"PAGSEGURO INTERNET IP S,A,",PJ,Celular,292955
2024-12-31,8561701,"PAGSEGURO INTERNET IP S,A,",PJ,CNPJ,490148
2024-12-31,8561701,"PAGSEGURO INTERNET IP S,A,",PF,Celular,5520625
2024-12-31,8561701,"PAGSEGURO INTERNET IP S,A,",PF,e-mail,5111232
2024-12-31,8561701,"PAGSEGURO INTERNET IP S,A,",PF,Aleatória,21891731
2024-12-31,8561701,"PAGSEGURO INTERNET IP S,A,",PF,CPF,2760792
2024-12-31,8561701,"PAGSEGURO INTERNET IP S,A,",PJ,Aleatória,1754226
2024-12-31,6910457,CCLA SANTA CRUZ PALMEIRAS,PJ,Aleatória,304
2024-12-31,10143499,CCLA JATAÍ E REGIĂO,PF,Celular,1015
2024-12-31,10143499,CCLA JATAÍ E REGIĂO,PF,CPF,794
2024-12-31,10143499,CCLA JATAÍ E REGIĂO,PF,e-mail,632
2024-12-31,10143499,CCLA JATAÍ E REGIĂO,PJ,Celular,296
2024-12-31,82065285,COOP PARQ ARAUCARIAS PR/SC/SP,PF,Celular,18804
2024-12-31,82065285,COOP PARQ ARAUCARIAS PR/SC/SP,PJ,Celular,2139
2024-12-31,82065285,COOP PARQ ARAUCARIAS PR/SC/SP,PJ,e-mail,2082
2024-12-31,82065285,COOP PARQ ARAUCARIAS PR/SC/SP,PJ,CNPJ,10763
2024-12-31,815319,SICOOB SUL-SERRANO,PJ,e-mail,3400
2024-12-31,815319,SICOOB SUL-SERRANO,PJ,Celular,3440
2024-12-31,815319,SICOOB SUL-SERRANO,PF,Aleatória,18718
2024-12-31,815319,SICOOB SUL-SERRANO,PF,e-mail,10431
2024-12-31,815319,SICOOB SUL-SERRANO,PJ,CNPJ,17324
2024-12-31,815319,SICOOB SUL-SERRANO,PF,Celular,20434
2024-12-31,815319,SICOOB SUL-SERRANO,PF,CPF,23689
2024-12-31,1722480,"QUERO-QUERO VERDECARD IP S,A,",PJ,Celular,10
2024-12-31,1722480,"QUERO-QUERO VERDECARD IP S,A,",PF,Celular,27545
2024-12-31,1722480,"QUERO-QUERO VERDECARD IP S,A,",PJ,Aleatória,4171
2024-12-31,1722480,"QUERO-QUERO VERDECARD IP S,A,",PF,e-mail,37580
2024-12-31,1722480,"QUERO-QUERO VERDECARD IP S,A,",PF,CPF,10890
2024-12-31,1722480,"QUERO-QUERO VERDECARD IP S,A,",PJ,e-mail,32
2024-12-31,1722480,"QUERO-QUERO VERDECARD IP S,A,",PJ,CNPJ,48
2024-12-31,1722480,"QUERO-QUERO VERDECARD IP S,A,",PF,Aleatória,111441
2024-12-31,11476673,"BANCO RANDON S,A,",PF,CPF,15
2024-12-31,11476673,"BANCO RANDON S,A,",PF,e-mail,112
2024-12-31,11476673,"BANCO RANDON S,A,",PF,Aleatória,298
2024-12-31,11476673,"BANCO RANDON S,A,",PF,Celular,54
2024-12-31,11476673,"BANCO RANDON S,A,",PJ,Aleatória,1
2024-12-31,815319,SICOOB SUL-SERRANO,PJ,Aleatória,5230
2024-12-31,82065285,COOP PARQ ARAUCARIAS PR/SC/SP,PJ,Aleatória,8523
2024-12-31,82065285,COOP PARQ ARAUCARIAS PR/SC/SP,PF,CPF,27884
2024-12-31,82065285,COOP PARQ ARAUCARIAS PR/SC/SP,PF,e-mail,9351
2024-12-31,82065285,COOP PARQ ARAUCARIAS PR/SC/SP,PF,Aleatória,16177
2024-12-31,81292278,CC ORIGINAL - SICOOB ORIGINAL,PF,e-mail,1986
2024-12-31,81292278,CC ORIGINAL - SICOOB ORIGINAL,PJ,Celular,592
2024-12-31,81292278,CC ORIGINAL - SICOOB ORIGINAL,PF,Celular,5356
2024-12-31,81292278,CC ORIGINAL - SICOOB ORIGINAL,PF,CPF,8388
2024-12-31,10319386,CCLA DO CENTRO SUL DE MS,PJ,e-mail,404
2024-12-31,10319386,CCLA DO CENTRO SUL DE MS,PF,Celular,1485
2024-12-31,10319386,CCLA DO CENTRO SUL DE MS,PJ,Celular,517
2024-12-31,10319386,CCLA DO CENTRO SUL DE MS,PJ,Aleatória,562
2024-12-31,10319386,CCLA DO CENTRO SUL DE MS,PF,e-mail,936
2024-12-31,10319386,CCLA DO CENTRO SUL DE MS,PJ,CNPJ,1222
2024-12-31,10319386,CCLA DO CENTRO SUL DE MS,PF,CPF,1293
2024-12-31,10319386,CCLA DO CENTRO SUL DE MS,PF,Aleatória,1514
2024-12-31,81292278,CC ORIGINAL - SICOOB ORIGINAL,PJ,Aleatória,492
2024-12-31,81292278,CC ORIGINAL - SICOOB ORIGINAL,PJ,CNPJ,2283
2024-12-31,81292278,CC ORIGINAL - SICOOB ORIGINAL,PJ,e-mail,314
2024-12-31,81292278,CC ORIGINAL - SICOOB ORIGINAL,PF,Aleatória,2448
2024-12-31,1286361,UNIPRIME PIONEIRA CC,PJ,CNPJ,2011
2024-12-31,1286361,UNIPRIME PIONEIRA CC,PF,e-mail,1730
2024-12-31,1286361,UNIPRIME PIONEIRA CC,PJ,Celular,743
2024-12-31,1286361,UNIPRIME PIONEIRA CC,PJ,Aleatória,1153
2024-12-31,9590601,CC DA SERRA CATARINENSE,PF,CPF,4873
2024-12-31,9590601,CC DA SERRA CATARINENSE,PJ,CNPJ,2132
2024-12-31,9590601,CC DA SERRA CATARINENSE,PJ,Celular,723
2024-12-31,9590601,CC DA SERRA CATARINENSE,PF,Celular,4537
2024-12-31,9590601,CC DA SERRA CATARINENSE,PF,e-mail,3371
2024-12-31,9590601,CC DA SERRA CATARINENSE,PF,Aleatória,5278
2024-12-31,9590601,CC DA SERRA CATARINENSE,PJ,e-mail,722
2024-12-31,42259084,SBCASH SCD,PJ,CNPJ,4
2024-12-31,42259084,SBCASH SCD,PJ,e-mail,7
2024-12-31,42259084,SBCASH SCD,PJ,Celular,1
2024-12-31,42259084,SBCASH SCD,PJ,Aleatória,11
2024-12-31,17079937,PINBANK IP,PJ,e-mail,1633
2024-12-31,17079937,PINBANK IP,PJ,Aleatória,7672
2024-12-31,17079937,PINBANK IP,PJ,Celular,580
2024-12-31,17079937,PINBANK IP,PF,CPF,455
2024-12-31,17079937,PINBANK IP,PF,Aleatória,5680
2024-12-31,17079937,PINBANK IP,PF,e-mail,1672
2024-12-31,17079937,PINBANK IP,PF,Celular,733
2024-12-31,17079937,PINBANK IP,PJ,CNPJ,1418
2024-12-31,9590601,CC DA SERRA CATARINENSE,PJ,Aleatória,971
2024-12-31,1286361,UNIPRIME PIONEIRA CC,PJ,e-mail,787
2024-12-31,1286361,UNIPRIME PIONEIRA CC,PF,Celular,2540
2024-12-31,1286361,UNIPRIME PIONEIRA CC,PF,CPF,3073
2024-12-31,1286361,UNIPRIME PIONEIRA CC,PF,Aleatória,2267
2024-12-31,1330387,COOP DE AGRICULTORES E AEROPORTUÁRIOS DO BRASIL,PJ,Aleatória,126
2024-12-31,1330387,COOP DE AGRICULTORES E AEROPORTUÁRIOS DO BRASIL,PJ,e-mail,94
2024-12-31,1330387,COOP DE AGRICULTORES E AEROPORTUÁRIOS DO BRASIL,PF,Aleatória,222
2024-12-31,1330387,COOP DE AGRICULTORES E AEROPORTUÁRIOS DO BRASIL,PJ,Celular,24
2024-12-31,92702067,"BCO DO ESTADO DO RS S,A,",PJ,Celular,28321
2024-12-31,92702067,"BCO DO ESTADO DO RS S,A,",PF,Celular,589566
2024-12-31,92702067,"BCO DO ESTADO DO RS S,A,",PF,e-mail,315428
2024-12-31,92702067,"BCO DO ESTADO DO RS S,A,",PJ,Aleatória,29906
2024-12-31,92702067,"BCO DO ESTADO DO RS S,A,",PJ,e-mail,25399
2024-12-31,92702067,"BCO DO ESTADO DO RS S,A,",PF,Aleatória,335833
2024-12-31,92702067,"BCO DO ESTADO DO RS S,A,",PF,CPF,825038
2024-12-31,81367880,CCLA SUL CATARINENSE,PJ,Celular,1925
2024-12-31,81367880,CCLA SUL CATARINENSE,PF,e-mail,4091
2024-12-31,81367880,CCLA SUL CATARINENSE,PF,CPF,12023
2024-12-31,81367880,CCLA SUL CATARINENSE,PF,Celular,9340
2024-12-31,81367880,CCLA SUL CATARINENSE,PJ,CNPJ,6473
2024-12-31,81367880,CCLA SUL CATARINENSE,PF,Aleatória,5767
2024-12-31,81367880,CCLA SUL CATARINENSE,PJ,Aleatória,1869
2024-12-31,81367880,CCLA SUL CATARINENSE,PJ,e-mail,1395
2024-12-31,92874270,"BCO DIGIMAIS S,A,",PJ,CNPJ,1
2024-12-31,92874270,"BCO DIGIMAIS S,A,",PJ,e-mail,3
2024-12-31,92874270,"BCO DIGIMAIS S,A,",PF,e-mail,160
2024-12-31,92874270,"BCO DIGIMAIS S,A,",PF,Celular,200
2024-12-31,92874270,"BCO DIGIMAIS S,A,",PF,Aleatória,5
2024-12-31,7318874,COOP  SICOOB MÉDIO OESTE,PF,e-mail,1490
2024-12-31,7318874,COOP  SICOOB MÉDIO OESTE,PJ,CNPJ,2238
2024-12-31,7318874,COOP  SICOOB MÉDIO OESTE,PJ,Aleatória,683
2024-12-31,7318874,COOP  SICOOB MÉDIO OESTE,PJ,e-mail,426
2024-12-31,7318874,COOP  SICOOB MÉDIO OESTE,PF,CPF,3898
2024-12-31,7318874,COOP  SICOOB MÉDIO OESTE,PJ,Celular,687
2024-12-31,7318874,COOP  SICOOB MÉDIO OESTE,PF,Aleatória,2053
2024-12-31,7318874,COOP  SICOOB MÉDIO OESTE,PF,Celular,3338
2024-12-31,92702067,"BCO DO ESTADO DO RS S,A,",PJ,CNPJ,77651
2024-12-31,1330387,COOP DE AGRICULTORES E AEROPORTUÁRIOS DO BRASIL,PJ,CNPJ,104
2024-12-31,1330387,COOP DE AGRICULTORES E AEROPORTUÁRIOS DO BRASIL,PF,CPF,223
2024-12-31,1330387,COOP DE AGRICULTORES E AEROPORTUÁRIOS DO BRASIL,PF,Celular,401
2024-12-31,1330387,COOP DE AGRICULTORES E AEROPORTUÁRIOS DO BRASIL,PF,e-mail,252
2024-12-31,8030602,CCM CORRET SEG EST SAO PAULO,PF,Celular,368
2024-12-31,8030602,CCM CORRET SEG EST SAO PAULO,PF,CPF,563
2024-12-31,8030602,CCM CORRET SEG EST SAO PAULO,PJ,e-mail,242
2024-12-31,8030602,CCM CORRET SEG EST SAO PAULO,PJ,Aleatória,170
2024-12-31,25104230,"PAGARE IP S,A,",PJ,Celular,1
2024-12-31,25104230,"PAGARE IP S,A,",PF,Celular,3
2024-12-31,25104230,"PAGARE IP S,A,",PJ,CNPJ,8
2024-12-31,25104230,"PAGARE IP S,A,",PJ,Aleatória,64
2024-12-31,25104230,"PAGARE IP S,A,",PF,Aleatória,2106
2024-12-31,25104230,"PAGARE IP S,A,",PJ,e-mail,42
2024-12-31,25104230,"PAGARE IP S,A,",PF,CPF,140
2024-12-31,64480833,CC CREDIMAC LTDA - SICOOB CREDIMAC,PF,Celular,1148
2024-12-31,64480833,CC CREDIMAC LTDA - SICOOB CREDIMAC,PJ,Aleatória,70
2024-12-31,64480833,CC CREDIMAC LTDA - SICOOB CREDIMAC,PJ,Celular,66
2024-12-31,64480833,CC CREDIMAC LTDA - SICOOB CREDIMAC,PJ,e-mail,45
2024-12-31,64480833,CC CREDIMAC LTDA - SICOOB CREDIMAC,PF,CPF,1209
2024-12-31,64480833,CC CREDIMAC LTDA - SICOOB CREDIMAC,PJ,CNPJ,363
2024-12-31,64480833,CC CREDIMAC LTDA - SICOOB CREDIMAC,PF,e-mail,272
2024-12-31,64480833,CC CREDIMAC LTDA - SICOOB CREDIMAC,PF,Aleatória,351
2024-12-31,707903,CC VALE DO CANOAS,PJ,CNPJ,458
2024-12-31,707903,CC VALE DO CANOAS,PF,Aleatória,664
2024-12-31,707903,CC VALE DO CANOAS,PF,Celular,1851
2024-12-31,707903,CC VALE DO CANOAS,PJ,e-mail,62
2024-12-31,707903,CC VALE DO CANOAS,PJ,Aleatória,96
2024-12-31,707903,CC VALE DO CANOAS,PJ,Celular,110
2024-12-31,707903,CC VALE DO CANOAS,PF,e-mail,547
2024-12-31,5597773,CC INVESTIMENTO LIVRE ADMISSĂO DO OESTE DE RONDÔNIA,PJ,Celular,82
2024-12-31,5597773,CC INVESTIMENTO LIVRE ADMISSĂO DO OESTE DE RONDÔNIA,PF,Celular,886
2024-12-31,5597773,CC INVESTIMENTO LIVRE ADMISSĂO DO OESTE DE RONDÔNIA,PJ,Aleatória,30
2024-12-31,5597773,CC INVESTIMENTO LIVRE ADMISSĂO DO OESTE DE RONDÔNIA,PF,e-mail,414
2024-12-31,5597773,CC INVESTIMENTO LIVRE ADMISSĂO DO OESTE DE RONDÔNIA,PF,Aleatória,365
2024-12-31,5597773,CC INVESTIMENTO LIVRE ADMISSĂO DO OESTE DE RONDÔNIA,PF,CPF,1489
2024-12-31,5597773,CC INVESTIMENTO LIVRE ADMISSĂO DO OESTE DE RONDÔNIA,PJ,e-mail,36
2024-12-31,5597773,CC INVESTIMENTO LIVRE ADMISSĂO DO OESTE DE RONDÔNIA,PJ,CNPJ,165
2024-12-31,707903,CC VALE DO CANOAS,PF,CPF,3041
2024-12-31,25104230,"PAGARE IP S,A,",PF,e-mail,20
2024-12-31,8030602,CCM CORRET SEG EST SAO PAULO,PF,Aleatória,276
2024-12-31,8030602,CCM CORRET SEG EST SAO PAULO,PJ,Celular,110
2024-12-31,8030602,CCM CORRET SEG EST SAO PAULO,PF,e-mail,271
2024-12-31,8030602,CCM CORRET SEG EST SAO PAULO,PJ,CNPJ,750
2024-12-31,34471744,PAGME IP LTDA,PJ,Celular,55
2024-12-31,34471744,PAGME IP LTDA,PF,e-mail,461
2024-12-31,34471744,PAGME IP LTDA,PF,Aleatória,825
2024-12-31,34471744,PAGME IP LTDA,PJ,CNPJ,324
2024-12-31,34471744,PAGME IP LTDA,PJ,Aleatória,582
2024-12-31,34471744,PAGME IP LTDA,PF,CPF,163
2024-12-31,34471744,PAGME IP LTDA,PJ,e-mail,415
2024-12-31,34471744,PAGME IP LTDA,PF,Celular,214
2024-12-31,2641969,CCLAA NOVA TRENTO,PJ,CNPJ,4014
2024-12-31,2641969,CCLAA NOVA TRENTO,PF,e-mail,2691
2024-12-31,2641969,CCLAA NOVA TRENTO,PF,CPF,8478
2024-12-31,2641969,CCLAA NOVA TRENTO,PF,Celular,6045
2024-12-31,5222094,COOP SICOOB CERRADO,PF,e-mail,558
2024-12-31,5222094,COOP SICOOB CERRADO,PJ,Celular,201
2024-12-31,5222094,COOP SICOOB CERRADO,PF,Celular,1422
2024-12-31,5222094,COOP SICOOB CERRADO,PJ,CNPJ,557
2024-12-31,5222094,COOP SICOOB CERRADO,PJ,Aleatória,158
2024-12-31,5222094,COOP SICOOB CERRADO,PJ,e-mail,116
2024-12-31,5222094,COOP SICOOB CERRADO,PF,Aleatória,589
2024-12-31,2173447,CCLA CENTRO NORDESTE MINEIRO,PJ,Celular,878
2024-12-31,2173447,CCLA CENTRO NORDESTE MINEIRO,PJ,Aleatória,733
2024-12-31,2173447,CCLA CENTRO NORDESTE MINEIRO,PJ,CNPJ,3346
2024-12-31,2173447,CCLA CENTRO NORDESTE MINEIRO,PF,Celular,6372
2024-12-31,2173447,CCLA CENTRO NORDESTE MINEIRO,PF,e-mail,3104
2024-12-31,2173447,CCLA CENTRO NORDESTE MINEIRO,PF,CPF,6509
2024-12-31,2173447,CCLA CENTRO NORDESTE MINEIRO,PF,Aleatória,4377
2024-12-31,2173447,CCLA CENTRO NORDESTE MINEIRO,PJ,e-mail,482
2024-12-31,2876918,CC SICOOB NORTE SUL,PJ,Celular,510
2024-12-31,2876918,CC SICOOB NORTE SUL,PJ,CNPJ,1650
2024-12-31,2876918,CC SICOOB NORTE SUL,PF,e-mail,1545
2024-12-31,2876918,CC SICOOB NORTE SUL,PF,Celular,2639
2024-12-31,2876918,CC SICOOB NORTE SUL,PJ,e-mail,416
2024-12-31,2876918,CC SICOOB NORTE SUL,PF,CPF,2284
2024-12-31,2876918,CC SICOOB NORTE SUL,PJ,Aleatória,902
2024-12-31,2876918,CC SICOOB NORTE SUL,PF,Aleatória,3209
2024-12-31,5222094,COOP SICOOB CERRADO,PF,CPF,1250
2024-12-31,2641969,CCLAA NOVA TRENTO,PF,Aleatória,3891
2024-12-31,2641969,CCLAA NOVA TRENTO,PJ,Celular,1119
2024-12-31,2641969,CCLAA NOVA TRENTO,PJ,e-mail,921
2024-12-31,2641969,CCLAA NOVA TRENTO,PJ,Aleatória,1588
2024-12-31,40083667,"CAPITAL CONSIG SCD S,A,",PJ,CNPJ,4
2024-12-31,40083667,"CAPITAL CONSIG SCD S,A,",PJ,e-mail,3
2024-12-31,40083667,"CAPITAL CONSIG SCD S,A,",PF,Celular,73
2024-12-31,40083667,"CAPITAL CONSIG SCD S,A,",PF,Aleatória,1422
2024-12-31,7252614,COOP CRESOL CONFIANÇA,PF,e-mail,801
2024-12-31,7252614,COOP CRESOL CONFIANÇA,PJ,Celular,359
2024-12-31,7252614,COOP CRESOL CONFIANÇA,PJ,CNPJ,704
2024-12-31,7252614,COOP CRESOL CONFIANÇA,PF,Celular,1904
2024-12-31,7252614,COOP CRESOL CONFIANÇA,PF,Aleatória,802
2024-12-31,7252614,COOP CRESOL CONFIANÇA,PF,CPF,2300
2024-12-31,7252614,COOP CRESOL CONFIANÇA,PJ,Aleatória,240
2024-12-31,7252614,COOP CRESOL CONFIANÇA,PJ,e-mail,261
2024-12-31,40083667,"CAPITAL CONSIG SCD S,A,",PF,e-mail,94
2024-12-31,40083667,"CAPITAL CONSIG SCD S,A,",PJ,Aleatória,39
2024-12-31,40083667,"CAPITAL CONSIG SCD S,A,",PJ,Celular,2
2024-12-31,40083667,"CAPITAL CONSIG SCD S,A,",PF,CPF,22
2024-12-31,4751713,CC INV DE RONDÔNIA - SICOOB CREDJURD,PJ,Celular,50
2024-12-31,4751713,CC INV DE RONDÔNIA - SICOOB CREDJURD,PF,e-mail,784
2024-12-31,4751713,CC INV DE RONDÔNIA - SICOOB CREDJURD,PF,Celular,992
2024-12-31,4751713,CC INV DE RONDÔNIA - SICOOB CREDJURD,PJ,CNPJ,222
2024-12-31,31166683,MOUNT PAY,PJ,e-mail,64
2024-12-31,31166683,MOUNT PAY,PF,e-mail,55
2024-12-31,31166683,MOUNT PAY,PF,Aleatória,12282
2024-12-31,31166683,MOUNT PAY,PJ,CNPJ,52
2024-12-31,31166683,MOUNT PAY,PF,Celular,35
2024-12-31,31166683,MOUNT PAY,PF,CPF,6
2024-12-31,31166683,MOUNT PAY,PJ,Celular,15
2024-12-31,37880206,CORA SCFI,PJ,CNPJ,316421
2024-12-31,37880206,CORA SCFI,PJ,Celular,86255
2024-12-31,37880206,CORA SCFI,PJ,e-mail,151387
2024-12-31,37880206,CORA SCFI,PJ,Aleatória,655410
2024-12-31,31166683,MOUNT PAY,PJ,Aleatória,1310
2024-12-31,4751713,CC INV DE RONDÔNIA - SICOOB CREDJURD,PF,Aleatória,1289
2024-12-31,4751713,CC INV DE RONDÔNIA - SICOOB CREDJURD,PJ,e-mail,58
2024-12-31,4751713,CC INV DE RONDÔNIA - SICOOB CREDJURD,PF,CPF,1209
2024-12-31,4751713,CC INV DE RONDÔNIA - SICOOB CREDJURD,PJ,Aleatória,93
2024-12-31,5276770,COOP CRESOL FRONTEIRAS PR/SC/SP/ES,PJ,e-mail,867
2024-12-31,5276770,COOP CRESOL FRONTEIRAS PR/SC/SP/ES,PF,Celular,5399
2024-12-31,5276770,COOP CRESOL FRONTEIRAS PR/SC/SP/ES,PJ,Aleatória,1163
2024-12-31,5276770,COOP CRESOL FRONTEIRAS PR/SC/SP/ES,PJ,CNPJ,1995
2024-12-31,869687,CCLA BOA ESPERANÇA,PJ,CNPJ,405
2024-12-31,869687,CCLA BOA ESPERANÇA,PJ,e-mail,57
2024-12-31,869687,CCLA BOA ESPERANÇA,PJ,Aleatória,111
2024-12-31,869687,CCLA BOA ESPERANÇA,PF,Celular,1177
2024-12-31,869687,CCLA BOA ESPERANÇA,PF,e-mail,421
2024-12-31,869687,CCLA BOA ESPERANÇA,PJ,Celular,116
2024-12-31,869687,CCLA BOA ESPERANÇA,PF,CPF,1443
2024-12-31,48703388,"ASA SOCIEDADE DE CRÉDITO DIRETO S,A,",PJ,Celular,5
2024-12-31,48703388,"ASA SOCIEDADE DE CRÉDITO DIRETO S,A,",PF,Celular,25
2024-12-31,48703388,"ASA SOCIEDADE DE CRÉDITO DIRETO S,A,",PJ,e-mail,10
2024-12-31,48703388,"ASA SOCIEDADE DE CRÉDITO DIRETO S,A,",PJ,Aleatória,209
2024-12-31,48703388,"ASA SOCIEDADE DE CRÉDITO DIRETO S,A,",PF,CPF,16
2024-12-31,48703388,"ASA SOCIEDADE DE CRÉDITO DIRETO S,A,",PF,e-mail,109
2024-12-31,48703388,"ASA SOCIEDADE DE CRÉDITO DIRETO S,A,",PF,Aleatória,401
2024-12-31,48703388,"ASA SOCIEDADE DE CRÉDITO DIRETO S,A,",PJ,CNPJ,1
2024-12-31,68900810,"BCO RENDIMENTO S,A,",PF,Celular,3020
2024-12-31,68900810,"BCO RENDIMENTO S,A,",PF,Aleatória,3320
2024-12-31,68900810,"BCO RENDIMENTO S,A,",PJ,Celular,1677
2024-12-31,68900810,"BCO RENDIMENTO S,A,",PF,CPF,4400
2024-12-31,68900810,"BCO RENDIMENTO S,A,",PF,e-mail,3948
2024-12-31,68900810,"BCO RENDIMENTO S,A,",PJ,CNPJ,1473
2024-12-31,68900810,"BCO RENDIMENTO S,A,",PJ,e-mail,2014
2024-12-31,11970623,"BCO SENFF S,A,",PF,e-mail,4314
2024-12-31,11970623,"BCO SENFF S,A,",PJ,CNPJ,7
2024-12-31,11970623,"BCO SENFF S,A,",PJ,e-mail,9
2024-12-31,11970623,"BCO SENFF S,A,",PF,Celular,1333
2024-12-31,11970623,"BCO SENFF S,A,",PJ,Aleatória,64
2024-12-31,11970623,"BCO SENFF S,A,",PJ,Celular,6
2024-12-31,11970623,"BCO SENFF S,A,",PF,Aleatória,53847
2024-12-31,11970623,"BCO SENFF S,A,",PF,CPF,1442
2024-12-31,68900810,"BCO RENDIMENTO S,A,",PJ,Aleatória,2519
2024-12-31,869687,CCLA BOA ESPERANÇA,PF,Aleatória,574
